,Cap.,City,Conference,Division,Enrollment,FirstPlayed,FormerConferences,JoinedFBS,Nickname,Note,ProgramEstablished,School,Stadium,State
0,,Colorado Springs,Mountain West,FBS,"4,237",1955,WAC,,Falcons,,,Air Force,,Colorado
1,,Akron,MAC,FBS,"19,200",1891,"OAC, MCC, OVC",1987,Zips,,,Akron,,Ohio
2,,Tuscaloosa,SEC,FBS,"38,500",1892,"SIAA, SoCon",,Crimson Tide,,,Alabama,,Alabama
3,,Boone,Sun Belt,FBS,"19,100",1928,"NSC, SoCon",2014[n 1],Mountaineers,,,Appalachian State,,North Carolina
4,,Tucson,Pac-12,FBS,"45,200",1899,"BIAA, WAC",,Wildcats,,,Arizona,,Arizona
5,,Tempe,Pac-12,FBS,"51,800",1896,"BIAA, WAC",,Sun Devils,,,Arizona State,,Arizona
6,,Fayetteville,SEC,FBS,"27,800",1894,SWC,,Razorbacks,,,Arkansas,,Arkansas
7,,Jonesboro,Sun Belt,FBS,"22,000",1911,"Arkansas Intercollegiate Conference, Southland, Big West",1992,Red Wolves,,,Arkansas State,,Arkansas
8,,West Point,Independent,FBS,"4,300",1890,C-USA,,Black Knights,,,Army,,New York
9,,Auburn,SEC,FBS,"30,400",1892,"SIAA, SoCon",,Tigers,,,Auburn,,Alabama
10,,Muncie,MAC,FBS,"22,500",1924,"IIC, ICC",,Cardinals,,,Ball State,,Indiana
11,,Waco,Big 12,FBS,"17,200",1899,"TIAA, SWC",,Bears,,,Baylor,,Texas
12,,Boise,Mountain West,FBS,"25,500",1933[n 2],"ICAC, Big Sky, Big West, WAC",1996,Broncos,,,Boise State,,Idaho
13,,Chestnut Hill,ACC,FBS,"14,700",1893,Big East,,Eagles,,,Boston College,,Massachusetts
14,,Bowling Green,MAC,FBS,"23,000",1919,"Northwest Ohio Intercollegiate Athletic Association, OAC",,Falcons,,,Bowling Green,,Ohio
15,,Buffalo,MAC,FBS,"31,500",1894,New York State Conference,1999,Bulls,,,Buffalo,,New York
16,,Provo,Independent,FBS,"33,600",1922,"Rocky Mountain, Mountain States, WAC, MW",,Cougars,,,BYU,,Utah
17,,Berkeley,Pac-12,FBS,"42,500",1882,PCC,,Golden Bears,,,California,,California
18,,Mount Pleasant,MAC,FBS,"21,700",1896,"MCC, IIAC",,Chippewas,,,Central Michigan,,Michigan
19,,Charlotte,C-USA,FBS,"29,700",2013,"Sun Belt, C-USA, A-10",2015,49ers,,,Charlotte,,North Carolina
20,,Cincinnati,American,FBS,"46,000",1885,"OAC, Buckeye Intercollegiate Athletic Association, MAC, MVC, C-USA, Big East",,Bearcats,,,Cincinnati,,Ohio
21,,Clemson,ACC,FBS,"25,000",1896,"SIAA, SAIAA, SoCon",,Tigers,,,Clemson,,South Carolina
22,,Conway,Sun Belt,FBS,"10,600",2003,Big South,2017,Chanticleers,,,Coastal Carolina,,South Carolina
23,,Boulder,Pac-12,FBS,"33,200",1890,"Colorado Football Association, Rocky Mountain, Mountain States, Big Eight, Big 12",,Buffaloes,,,Colorado,,Colorado
24,,Fort Collins,Mountain West,FBS,"33,800",1890,"Colorado Football Association, Rocky Mountain, Mountain States, WAC",,Rams,,,Colorado State,,Colorado
25,,Durham,ACC,FBS,"15,900",1888,SoCon,,Blue Devils,,,Duke,,North Carolina
26,,Greenville,American,FBS,"29,100",1932,"NSC, Carolinas, SoCon, C-USA",,Pirates,,,East Carolina,,North Carolina
27,,Ypsilanti,MAC,FBS,"20,300",1891,"MIAA, MCC, IIAC, PAC",,Eagles,,,Eastern Michigan,,Michigan
28,,Miami,C-USA,FBS,"56,800",2002,Sun Belt,2006,Panthers,,,FIU,,Florida
29,,Gainesville,SEC,FBS,"56,100",1906,"SIAA, SoCon",,Gators,,,Florida,,Florida
30,,Boca Raton,C-USA,FBS,"30,800",2001,Sun Belt,2006,Owls,,,Florida Atlantic,,Florida
31,,Tallahassee,ACC,FBS,"41,900",1947,Dixie,,Seminoles,,,Florida State,,Florida
32,,Fresno,Mountain West,FBS,"25,000",1921,"California Coast Conference, NCAC, CCAA, Big West, WAC",,Bulldogs,,,Fresno State,,California
33,,Athens,SEC,FBS,"38,200",1892,"SIAA, SoCon",,Bulldogs,,,Georgia,,Georgia
34,,Statesboro,Sun Belt,FBS,"26,400",1924,SoCon,2014,Eagles,,,Georgia Southern,,Georgia
35,,Atlanta,Sun Belt,FBS,"52,800",2010,CAA,2013,Panthers,,,Georgia State,,Georgia
36,,Atlanta,ACC,FBS,"32,700",1892,"SIAA, SoCon, SEC",,Yellow Jackets,,,Georgia Tech,,Georgia
37,,Honolulu,Mountain West,FBS,"17,700",1909,WAC,,Rainbow Warriors,,,Hawaii,,Hawai'i
38,,Houston,American,FBS,"42,700",1946,"Lone Star, Gulf Coast, MVC, SWC, C-USA[n 3]",,Cougars,,,Houston,,Texas
39,,Urbana–Champaign,Big Ten,FBS,"51,200",1890,Illinois Intercollegiate Football League,,Fighting Illini,,,Illinois,,Illinois
40,,Bloomington,Big Ten,FBS,"43,700",1887,IIAA,,Hoosiers,,,Indiana,,Indiana
41,,Iowa City,Big Ten,FBS,"33,000",1889,"WIUFA, MVC",,Hawkeyes,,,Iowa,,Iowa
42,,Ames,Big 12,FBS,"33,400",1892,"MVC, Big 8",,Cyclones,,,Iowa State,,Iowa
43,,Lawrence,Big 12,FBS,"27,700",1890,"KCAC, WIUFA, MVC, Big 8",,Jayhawks,,,Kansas,,Kansas
44,,Manhattan,Big 12,FBS,"21,700",1896,"MVC, Big 8",,Wildcats,,,Kansas State,,Kansas
45,,Kent,MAC,FBS,"39,300",1920,OAC,,Golden Flashes,,,Kent State,,Ohio
46,,Lexington,SEC,FBS,"29,200",1881,"SIAA, SoCon",,Wildcats,,,Kentucky,,Kentucky
47,,Lynchburg,FBS Independent,FBS,"15,000",1973,Big South,2017,Flames,,,Liberty,,Virginia
48,,Lafayette,Sun Belt,FBS,"19,200",1902,"Louisiana Intercollegiate Athletic Association, Louisiana Intercollegiate Conference, Gulf States Conference, SIAA, Southland, Big West",,Ragin' Cajuns,,,Louisiana,,Louisiana
49,,Monroe,Sun Belt,FBS,"8,800",1951,"Gulf States Conference, Southland, Independent",1994,Warhawks,,,Louisiana–Monroe,,Louisiana
50,,Ruston,C-USA,FBS,"12,400",1901,"Louisiana Intercollegiate Athletic Association, Louisiana Intercollegiate Conference, Gulf States Conference, SIAA, Southland, Big West, WAC",1989,Bulldogs,,,Louisiana Tech,,Louisiana
51,,Louisville,ACC,FBS,"22,600",1910,"KIAC, SIAA, KIAC, OVC, MVC, C-USA, Big East, American",,Cardinals,,,Louisville,,Kentucky
52,,Baton Rouge,SEC,FBS,"30,800",1893,"SIAA, SoCon",,Tigers,,,LSU,,Louisiana
53,,Huntington,C-USA,FBS,"13,200",1895,"WVIAC, Buckeye Conference, OVC, MAC, SoCon",1997[n 1],Thundering Herd,,,Marshall,,West Virginia
54,,College Park,Big Ten,FBS,"41,200",1888,"MIFA, SAIAA, SoCon, ACC",,Terrapins,,,Maryland,,Maryland
55,,Memphis,American,FBS,"21,500",1912,"Mississippi Valley Conference, SIAA, MVC, C-USA[n 3]",,Tigers,,,Memphis,,Tennessee
56,,Coral Gables[n 4],ACC,FBS,"17,300",1926[2],"SIAA, Big East",,Hurricanes,,,Miami (FL),,Florida
57,,Oxford,MAC,FBS,"24,300",1888,"OAC, Buckeye Conference",,RedHawks,,,Miami (OH),,Ohio
58,,Ann Arbor,Big Ten,FBS,"46,000",1879,,,Wolverines,,,Michigan,,Michigan
59,,East Lansing,Big Ten,FBS,"50,300",1885,MIAA,,Spartans,,,Michigan State,,Michigan
60,,Murfreesboro,C-USA,FBS,"21,900",1911,"VSAC, SIAA, OVC, Sun Belt",1999,Blue Raiders,,,Middle Tennessee,,Tennessee
61,,Minneapolis,Big Ten,FBS,"47,800",1882,,,Golden Gophers,,,Minnesota,,Minnesota
62,,Starkville,SEC,FBS,"22,200",1895,"SIAA, SoCon",,Bulldogs,,,Mississippi State,,Mississippi
63,,Columbia,SEC,FBS,"30,000",1890,"WIUFA, Big 8, Big 12",,Tigers,,,Missouri,,Missouri
64,,Annapolis,American,FBS,"4,600",1879,Independent,,Midshipmen,,,Navy,,Maryland
65,,Raleigh,ACC,FBS,"35,500",1892,"SAIAA, SIAA, SoCon",,Wolfpack,,,NC State,,North Carolina
66,,Lincoln,Big Ten,FBS,"25,800",1890,"WIUFA, MVC, Big 8, Big 12",,Cornhuskers,,,Nebraska,,Nebraska
67,,Reno,Mountain West,FBS,"21,600",1896,"NCAC, Big Sky, Big West, WAC",1992,Wolf Pack,,,Nevada,,Nevada
68,,Albuquerque,Mountain West,FBS,"26,300",1892,"BIAA, WAC",,Lobos,,,New Mexico,,New Mexico
69,,Las Cruces,Independent,FBS,"21,900",1893,"BIAA, MVC, Big West, Sun Belt, WAC",,Aggies,,,New Mexico State,,New Mexico
70,,Chapel Hill,ACC,FBS,"29,800",1888,"SAIAA, SIAA, SoCon",,Tar Heels,,,North Carolina,,North Carolina
71,,Denton,C-USA,FBS,"39,400",1913,"TIAA, Lone Star, Gulf Coast Conference, MVC, Southland, Big West, Sun Belt",1995,Mean Green,,,North Texas,,Texas
72,,DeKalb,MAC,FBS,"20,000",1899,"IIAC, Big West",,Huskies,,,Northern Illinois,,Illinois
73,,Evanston,Big Ten,FBS,"21,200",1876,,,Wildcats,,,Northwestern,,Illinois
74,,South Bend,Independent,FBS,"12,300",1887,,,Fighting Irish,,,Notre Dame,,Indiana
75,,Athens,MAC,FBS,"34,900",1894,"OAC, Buckeye Conference",,Bobcats,,,Ohio,,Ohio
76,,Columbus,Big Ten,FBS,"68,100",1889,OAC,,Buckeyes,,,Ohio State,,Ohio
77,,Norman,Big 12,FBS,"28,500",1895,"Oklahoma Intercollegiate Conference, SWC, MVC, Big 8",,Sooners,,,Oklahoma,,Oklahoma
78,,Stillwater,Big 12,FBS,"25,300",1901,"Oklahoma Intercollegiate Conference, SWC, MVC, Big 8",,Cowboys,,,Oklahoma State,,Oklahoma
79,,Norfolk,C-USA,FBS,"25,000",2009,CAA,2014,Monarchs,,,Old Dominion,,Virginia
80,,Oxford,SEC,FBS,"23,200",1890,"SIAA, SoCon",,Rebels,,,Ole Miss,,Mississippi
81,,Eugene,Pac-12,FBS,"22,700",1894,"PCC, Independent",,Ducks,,,Oregon,,Oregon
82,,Corvallis,Pac-12,FBS,"30,900",1893,"PCC, Independent",,Beavers,,,Oregon State,,Oregon
83,,University Park,Big Ten,FBS,"46,600",1881,,,Nittany Lions,,,Penn State,,Pennsylvania
84,,Pittsburgh,ACC,FBS,"28,600",1890,Big East,,Panthers,,,Pittsburgh,,Pennsylvania
85,,West Lafayette,Big Ten,FBS,"43,400",1887,IIAA,,Boilermakers,,,Purdue,,Indiana
86,,Houston,C-USA,FBS,"7,100",1912,"TIAA, SWC, WAC",,Owls,,,Rice,,Texas
87,,Piscataway,Big Ten,FBS,"70,900",1869,"Middle Atlantic, Big East, American",,Scarlet Knights,,,Rutgers,,New Jersey
88,,San Diego,Mountain West,FBS,"34,900",1921,"Southern California Junior College Conference, SCIAC, CCAA, Big West, WAC",1969,Aztecs,,,San Diego State,,California
89,,San Jose,Mountain West,FBS,"32,800",1892,"California Coast Conference, NCAC, California Collegiate, Big West, WAC",,Spartans,,,San Jose State,,California
90,,University Park,American,FBS,"11,800",1915,"TIAA, SWC, WAC, C-USA[n 3]",,Mustangs,,,SMU,,Texas
91,,Mobile,Sun Belt,FBS,"15,100",2009,,2012,Jaguars,,,South Alabama,,Alabama
92,,Columbia,SEC,FBS,"50,100",1892,"SIAA, SoCon, ACC",,Gamecocks,,,South Carolina,,South Carolina
93,,Tampa,American,FBS,"50,700",1997,"C-USA, Big East",2001,Bulls,,,South Florida,,Florida
94,,Hattiesburg,C-USA,FBS,"14,500",1912,"Gulf States Conference, SIAA",,Golden Eagles,,,Southern Miss,,Mississippi
95,,Stanford,Pac-12,FBS,"16,500",1891,PCC,,Cardinal,,,Stanford,,California
96,,Syracuse,ACC,FBS,"22,900",1889,Big East,,Orange,,,Syracuse,,New York
97,,Fort Worth,Big 12,FBS,"10,400",1896,"TIAA, SWC, WAC, C-USA, MW",,Horned Frogs,,,TCU,,Texas
98,,Philadelphia,American,FBS,"40,000",1894,"Middle Atlantic, Big East, MAC, Big East",,Owls,,,Temple,,Pennsylvania
99,,Knoxville,SEC,FBS,"28,900",1891,"SIAA, SoCon",,Volunteers,,,Tennessee,,Tennessee
100,,Austin,Big 12,FBS,"51,800",1893,"SIAA, TIAA, SWC",,Longhorns,,,Texas,,Texas
101,,College Station,SEC,FBS,"69,400",1894,"SIAA, SWC, Big 12",,Aggies,,,Texas A&M,,Texas
102,,San Marcos,Sun Belt,FBS,"38,800",1904,"TIAA, Lone Star, Gulf Star, Southland, WAC",2012,Bobcats,,,Texas State,,Texas
103,,Lubbock,Big 12,FBS,"38,200",1925,"BIAA, SWC",,Red Raiders,,,Texas Tech,,Texas
104,,Toledo,MAC,FBS,"23,100",1917,"Northwestern Ohio Intercollegiate Athletic Association, OAC",,Rockets,,,Toledo,,Ohio
105,,Troy,Sun Belt,FBS,"18,100",1909,"Alabama Intercollegiate Conference, SIAA, Alabama Collegiate Conference, Mid-South Athletic Conference, Gulf South, Southland",2002,Trojans,,,Troy,,Alabama
106,,New Orleans,American,FBS,"14,100",1893,"SIAA, SoCon, SEC, C-USA",,Green Wave,,,Tulane,,Louisiana
107,,Tulsa,American,FBS,"4,300",1895,"Oklahoma Intercollegiate Conference, Big 4 Conference, MVC, WAC, C-USA",,Golden Hurricane,,,Tulsa,,Oklahoma
108,,Birmingham,C-USA,FBS,"21,900",1991,,1999,Blazers,,,UAB,,Alabama
109,,Orlando,American,FBS,"68,600",1979,"MAC, C-USA",1996,Knights,,,UCF,,Florida
110,,Los Angeles,Pac-12,FBS,"45,400",1919,"SCIAC, PCC",,Bruins,,,UCLA,,California
111,,Storrs[n 5],American,FBS,"32,200",1896,"Yankee, A-10, Big East",2000,Huskies,,,UConn,,Connecticut
112,,Amherst,Independent,FBS,"30,600",1879,"Yankee, A-10, CAA, MAC",2012,Minutemen,,,UMass,,Massachusetts
113,,Las Vegas[n 6],Mountain West,FBS,"30,500",1968,"Big West, WAC",1978,Rebels,,,UNLV,,Nevada
114,,Los Angeles,Pac-12,FBS,"45,700",1888,PCC,,Trojans,,,USC,,California
115,,El Paso,C-USA,FBS,"25,100",1914,"BIAA, WAC",,Miners,,,UTEP,,Texas
116,,San Antonio,C-USA,FBS,"30,700",2011,WAC,2012,Roadrunners,,,UTSA,,Texas
117,,Salt Lake City,Pac-12,FBS,"33,000",1892,"Colorado Football Association, RMAC, Mountain States, WAC, MW",,Utes,,,Utah,,Utah
118,,Logan,Mountain West,FBS,"29,400",1892,"Colorado Football Association, RMAC, Mountain States, Big West, Independent, Sun Belt, WAC",,Aggies,,,Utah State,,Utah
119,,Nashville,SEC,FBS,"13,100",1890,"SIAA, SoCon",,Commodores,,,Vanderbilt,,Tennessee
120,,Charlottesville,ACC,FBS,"24,400",1888,"SAIAA, SoCon",,Cavaliers,,,Virginia,,Virginia
121,,Blacksburg,ACC,FBS,"33,400",1892,"SAIAA, SIAA, SoCon, Big East",,Hokies,,,Virginia Tech,,Virginia
122,,Winston-Salem,ACC,FBS,"8,100",1888,"Big Five Conference, SoCon",,Demon Deacons,,,Wake Forest,,North Carolina
123,,Seattle,Pac-12,FBS,"47,900",1889,PCC,,Huskies,,,Washington,,Washington
124,,Pullman,Pac-12,FBS,"30,600",1893,"PCC, Independent",,Cougars,,,Washington State,,Washington
125,,Morgantown,Big 12,FBS,"30,000",1891,"SoCon, WVIAC, Big East",,Mountaineers,,,West Virginia,,West Virginia
126,,Bowling Green,C-USA,FBS,"20,300",1913,"SIAA, KIAC, OVC, MVFC, Sun Belt",2009,Hilltoppers,,,Western Kentucky,,Kentucky
127,,Kalamazoo,MAC,FBS,"22,900",1905,MCC,,Broncos,,,Western Michigan,,Michigan
128,,Madison,Big Ten,FBS,"44,400",1889,,,Badgers,,,Wisconsin,,Wisconsin
129,,Laramie,Mountain West,FBS,"12,400",1893,"Colorado Football Association, RMAC, WAC",,Cowboys,,,Wyoming,,Wyoming
130,,Abilene,Southland,FCS,,,,,Wildcats,,1919,Abilene Christian University,,Texas
131,,Normal,SWAC,FCS,,,,,Bulldogs,,1912,Alabama A&M University,,Alabama
132,,Montgomery,SWAC,FCS,,,,,Hornets,,1901,Alabama State University,,Alabama
133,,Albany,CAA,FCS,,,,,Great Danes,,1973,"University at Albany, SUNY",,New York
134,,Lorman,SWAC,FCS,,,,,Braves,,1921,Alcorn State University,,Mississippi
135,,Pine Bluff,SWAC,FCS,,,,,Golden Lions,,1916,University of Arkansas at Pine Bluff,,Arkansas
136,,Clarksville,Ohio Valley,FCS,,,,,Governors,,1930,Austin Peay State University,,Tennessee
137,,Daytona Beach,MEAC,FCS,,,,,Wildcats,,1925,Bethune–Cookman University,,Florida
138,,Providence,Ivy,FCS,,,,,Bears,,1878,Brown University,,Rhode Island
139,,Smithfield,Northeast,FCS,,,,,Bulldogs,,1999,Bryant University,,Rhode Island
140,,Lewisburg,Patriot,FCS,,,,,Bison,,1883,Bucknell University,,Pennsylvania
141,,Indianapolis,Pioneer,FCS,,,,,Bulldogs,,1887,Butler University,,Indiana
142,,San Luis Obispo,Big Sky,FCS,,,,,Mustangs,,1915,California Polytechnic State University,,California
143,,Buies Creek,Big South,FCS,,,,,Fighting Camels,,19252008,Campbell University,,North Carolina
144,,Conway,Southland,FCS,,,,,Bears,,1908,University of Central Arkansas,,Arkansas
145,,New Britain,Northeast,FCS,,,,,Blue Devils,,1935,Central Connecticut State University,,Connecticut
146,,North Charleston,Big South,FCS,,,,,Buccaneers,,1985,Charleston Southern University,,South Carolina
147,,Chattanooga,Southern,FCS,,,,,Mocs,,1899,University of Tennessee at Chattanooga,,Tennessee
148,,Charleston,Southern,FCS,,,,,Bulldogs,,1905,"The Citadel, The Military College of South Carolina",,South Carolina
149,,Hamilton,Patriot,FCS,,,,,Raiders,,1890,Colgate University,,New York
150,,New York,Ivy,FCS,,,,,Lions,,1870,Columbia University,,New York
151,,Ithaca,Ivy,FCS,,,,,Big Red,,1887,Cornell University,,New York
152,,Hanover,Ivy,FCS,,,,,Big Green,,1881,Dartmouth College,,New Hampshire
153,,Davidson,Pioneer,FCS,,,,,Wildcats,,1896,Davidson College,,North Carolina
154,,Dayton,Pioneer,FCS,,,,,Flyers,,1903,University of Dayton,,Ohio
155,,Newark,CAA,FCS,,,,,Fightin' Blue Hens,,1888,University of Delaware,,Delaware
156,,Dover,MEAC,FCS,,,,,Hornets,,1924,Delaware State University,,Delaware
157,,Des Moines,Pioneer,FCS,,,,,Bulldogs,,1893,Drake University,,Iowa
158,,Pittsburgh,Northeast,FCS,,,,,Dukes,,1891,Duquesne University,,Pennsylvania
159,,Johnson City,Southern,FCS,,,,,Buccaneers,,19202015,East Tennessee State University,,Tennessee
160,,Charleston,Ohio Valley,FCS,,,,,Panthers,,1899,Eastern Illinois University,,Illinois
161,,Richmond,Ohio Valley,FCS,,,,,Colonels,,1906,Eastern Kentucky University,,Kentucky
162,,Cheney,Big Sky,FCS,,,,,Eagles,,1901,Eastern Washington University,,Washington
163,,Elon,CAA,FCS,,,,,Phoenix,,1909,Elon University,,North Carolina
164,,Tallahassee,MEAC,FCS,,,,,Rattlers,,1907,Florida A&M University,,Florida
165,,New York,Patriot,FCS,,,,,Rams,,1881,Fordham University,,New York
166,,Greenville,Southern,FCS,,,,,Paladins,,1889,Furman University,,South Carolina
167,,Boiling Springs,Big South,FCS,,,,,Runnin' Bulldogs,,1946,Gardner–Webb University,,North Carolina
168,,Washington,Patriot,FCS,,,,,Hoyas,,1881,Georgetown University,,D.C.
169,,Grambling,SWAC,FCS,,,,,Tigers,,1927,Grambling State University,,Louisiana
170,,Hampton,Big South,FCS,,,,,Pirates,,1902,Hampton University,,Virginia
171,,Cambridge[n 1],Ivy,FCS,,,,,Crimson,,1873,Harvard University,,Massachusetts
172,,Worcester,Patriot,FCS,,,,,Crusaders,,1891,College of the Holy Cross,,Massachusetts
173,,Houston,Southland,FCS,,,,,Huskies,,2013,Houston Baptist University,,Texas
174,,Washington,MEAC,FCS,,,,,Bison,,1882,Howard University,,D.C.
175,,Moscow,Big Sky[n 2],FCS,,,,,Vandals,,1893,University of Idaho,,Idaho
176,,Pocatello,Big Sky,FCS,,,,,Bengals,,1902,Idaho State University,,Idaho
177,,Normal,Missouri Valley,FCS,,,,,Redbirds,,1887,Illinois State University,,Illinois
178,,San Antonio,Southland,FCS,,,,,Cardinals,,2009,University of the Incarnate Word,,Texas
179,,Terre Haute,Missouri Valley,FCS,,,,,Sycamores,,1895,Indiana State University,,Indiana
180,,Jackson,SWAC,FCS,,,,,Tigers,,1911,Jackson State University,,Mississippi
181,,Jacksonville,Pioneer,FCS,,,,,Dolphins,,1998,Jacksonville University,,Florida
182,,Jacksonville,Ohio Valley,FCS,,,,,Gamecocks,,1904,Jacksonville State University,,Alabama
183,,Harrisonburg,CAA,FCS,,,,,Dukes,,1972,James Madison University,,Virginia
184,,Kennesaw,Big South,FCS,,,,,Owls,,2015,Kennesaw State University,,Georgia
185,,Easton,Patriot,FCS,,,,,Leopards,,1882,Lafayette College,,Pennsylvania
186,,Beaumont,Southland,FCS,,,,,Cardinals,,19232009,Lamar University,,Texas
187,,Bethlehem,Patriot,FCS,,,,,Mountain Hawks,,1884,Lehigh University,,Pennsylvania
188,,Orono,CAA,FCS,,,,,Black Bears,,1892,University of Maine,,Maine
189,,Poughkeepsie,Pioneer,FCS,,,,,Red Foxes,,1965,Marist College,,New York
190,,Lake Charles,Southland,FCS,,,,,Cowboys,,1950,McNeese State University,,Louisiana
191,,Macon,Southern,FCS,,,,,Bears,,18912013,Mercer University,,Georgia
192,,Itta Bena,SWAC,FCS,,,,,Delta Devils,,1953,Mississippi Valley State University,,Mississippi
193,,Springfield,Missouri Valley,FCS,,,,,Bears,,1909,Missouri State UniversitySouthwest Missouri State,,Missouri
194,,West Long Branch,Big South,FCS,,,,,Hawks,,1993,Monmouth University,,New Jersey
195,,Missoula,Big Sky,FCS,,,,,Grizzlies,,1897,University of Montana,,Montana
196,,Bozeman,Big Sky,FCS,,,,,Bobcats,,1897,Montana State University,,Montana
197,,Morehead,Pioneer,FCS,,,,,Eagles,,1924,Morehead State University,,Kentucky
198,,Baltimore,MEAC,FCS,,,,,Bears,,1897,Morgan State University,,Maryland
199,,Murray,Ohio Valley,FCS,,,,,Racers,,1924,Murray State University,,Kentucky
200,,Durham,CAA,FCS,,,,,Wildcats,,1893,University of New Hampshire,,New Hampshire
201,,Thibodaux,Southland,FCS,,,,,Colonels,,1972,Nicholls State University,,Louisiana
202,,Norfolk,MEAC,FCS,,,,,Spartans,,1938,Norfolk State University,,Virginia
203,,Greensboro,MEAC,FCS,,,,,Aggies,,1901,North Carolina A&T State University,,North Carolina
204,,Durham,MEAC,FCS,,,,,Eagles,,1921,North Carolina Central University,,North Carolina
205,,Grand Forks,Independent[1][2][n 4],FCS,,,,,Fighting Hawks,,1894,University of North Dakota,,North Dakota
206,,Fargo,Missouri Valley,FCS,,,,,Bison,,1894,North Dakota State University,,North Dakota
207,,Flagstaff,Big Sky,FCS,,,,,Lumberjacks,,1915,Northern Arizona University,,Arizona
208,,Greeley,Big Sky,FCS,,,,,Bears,,1892,University of Northern Colorado,,Colorado
209,,Cedar Falls,Missouri Valley,FCS,,,,,Panthers,,1895,University of Northern Iowa,,Iowa
210,,Natchitoches,Southland,FCS,,,,,Demons,,1907,Northwestern State University,,Louisiana
211,,Philadelphia,Ivy,FCS,,,,,Quakers,,1876,University of Pennsylvania,,Pennsylvania
212,,Portland,Big Sky,FCS,,,,,Vikings,,1947,Portland State University,,Oregon
213,,Prairie View,SWAC,FCS,,,,,Panthers,,1906,Prairie View A&M University,,Texas
214,,Clinton,Big South[n 5],FCS,,,,,Blue Hose,,1913,Presbyterian College,,South Carolina
215,,Princeton,Ivy,FCS,,,,,Tigers,,1869,Princeton University,,New Jersey
216,,Kingston,CAA,FCS,,,,,Rams,,1895,University of Rhode Island,,Rhode Island
217,,Richmond,CAA,FCS,,,,,Spiders,,1881,University of Richmond,,Virginia
218,,Moon Township,Northeast,FCS,,,,,Colonials,,1994,Robert Morris University,,Pennsylvania
219,,Sacramento,Big Sky,FCS,,,,,Hornets,,1954,"California State University, Sacramento",,California
220,,Fairfield,Northeast,FCS,,,,,Pioneers,,1991,Sacred Heart University,,Connecticut
221,,Loretto,Northeast,FCS,,,,,Red Flash,,1909,Saint Francis University,,Pennsylvania
222,,Huntsville,Southland,FCS,,,,,Bearkats,,1912,Sam Houston State University,,Texas
223,,Birmingham,Southern,FCS,,,,,Bulldogs,,1902,Samford University,,Alabama
224,,San Diego,Pioneer,FCS,,,,,Toreros,,1956,University of San Diego,,California
225,,Orangeburg,MEAC,FCS,,,,,Bulldogs,,1906,South Carolina State University,,South Carolina
226,,Vermillion,Missouri Valley,FCS,,,,,Coyotes,,1889,University of South Dakota,,South Dakota
227,,Brookings,Missouri Valley,FCS,,,,,Jackrabbits,,1889,South Dakota State University,,South Dakota
228,,Cape Girardeau,Ohio Valley,FCS,,,,,Redhawks,,1902,Southeast Missouri State University,,Missouri
229,,Hammond,Southland,FCS,,,,,Lions,,1930,Southeastern Louisiana University,,Louisiana
230,,Baton Rouge,SWAC,FCS,,,,,Jaguars,,1915,Southern University,,Louisiana
231,,Carbondale,Missouri Valley,FCS,,,,,Salukis,,1904,Southern Illinois University Carbondale,,Illinois
232,,Cedar City,Big Sky,FCS,,,,,Thunderbirds,,1929,Southern Utah University,,Utah
233,,Nacogdoches,Southland,FCS,,,,,Lumberjacks,,1923,Stephen F. Austin State University,,Texas
234,,DeLand,Pioneer,FCS,,,,,Hatters,,1901,Stetson University,,Florida
235,,Stony Brook,CAA,FCS,,,,,Seawolves,,1969,Stony Brook University,,New York
236,,Nashville,Ohio Valley,FCS,,,,,Tigers,,1916,Tennessee State University,,Tennessee
237,,Cookeville,Ohio Valley,FCS,,,,,Golden Eagles,,1917,Tennessee Technological University,,Tennessee
238,,Houston,SWAC,FCS,,,,,Tigers,,1947,Texas Southern University,,Texas
239,,Towson,CAA,FCS,,,,,Tigers,,1968,Towson University,,Maryland
240,,Davis,Big Sky,FCS,,,,,Aggies,,1915,"University of California, Davis",,California
241,,Martin,Ohio Valley,FCS,,,,,Skyhawks,,1953,University of Tennessee at Martin,,Tennessee
242,,Valparaiso,Pioneer,FCS,,,,,Crusaders,,1906,Valparaiso University,,Indiana
243,,Villanova,CAA,FCS,,,,,Wildcats,,1894,Villanova University,,Pennsylvania
244,,Lexington,Southern,FCS,,,,,Keydets,,1873,Virginia Military Institute,,Virginia
245,,New York,Northeast,FCS,,,,,Seahawks,,1927,Wagner College,,New York
246,,Ogden,Big Sky,FCS,,,,,Wildcats,,1962,Weber State University,,Utah
247,,Cullowhee,Southern,FCS,,,,,Catamounts,,1931,Western Carolina University,,North Carolina
248,,Macomb,Missouri Valley,FCS,,,,,Leathernecks,,1903,Western Illinois University,,Illinois
249,,Williamsburg,CAA,FCS,,,,,Tribe,,1893,College of William & Mary,,Virginia
250,,Spartanburg,Southern,FCS,,,,,Terriers,,1889,Wofford College,,South Carolina
251,,New Haven,Ivy,FCS,,,,,Bulldogs,,1872,Yale University,,Connecticut
252,,Youngstown,Missouri Valley,FCS,,,,,Penguins,,1938,Youngstown State University,,Ohio
253,"6,000",Alamosa,RMAC,DII,,,,,Grizzlies,,,Adams State University,Rex Stadium,Colorado
254,"11,000",Albany,SIAC,DII,,,,,Golden Rams,,,Albany State University,Albany State University Coliseum,Georgia
255,"2,000",Philippi,G-MAC,DII,,,,,Battlers,,,Alderson Broaddus University,Multi-Sport Performance Stadium,West Virginia
256,"4,000",Springfield,NE-10,DII,,,,,Yellow Jackets,,,American International College,Ronald J. Abdow Field,Massachusetts
257,"5,670",San Angelo,LSC,DII,,,,,Rams,,,Angelo State University,LeGrand Stadium at 1st Community Credit Union Field,Texas
258,"6,500",Russellville,GAC,DII,,,,,Wonder Boys,,,Arkansas Tech University,Thone Stadium at Buerkle Field,Arkansas
259,"5,000",Monticello,GAC,DII,,,,,Boll Weevils,,,University of Arkansas at Monticello,Willis Convoy Leslie Cotton Boll Stadium,Arkansas
260,"6,000",Ashland,GLIAC,DII,,,,,Eagles,,,Ashland University,Jack Miller Stadium,Ohio
261,"1,200",Worcester,NE-10,DII,,,,,Greyhounds,,,Assumption College,Greyhound Stadium,Massachusetts
262,"6,500",Sioux Falls,NSIC,DII,,,,,Vikings,,,Augustana University,Kirkeby–Over Stadium,South Dakota
263,"10,000",Azusa,GNAC,DII,,,,,Cougars,[D2 1],,Azusa Pacific University,Citrus Stadium,California
264,"4,000",Bemidji,NSIC,DII,,,,,Beavers,,,Bemidji State University,Chet Anderson Stadium,Minnesota
265,"11,000",Columbia,SIAC,DII,,,,,Tigers,,,Benedict College,Charlie W. Johnson Stadium,South Carolina
266,"3,100",Waltham,NE-10,DII,,,,,Falcons,,,Bentley University,Bentley Athletic Field,Massachusetts
267,"4,200",Spearfish,RMAC,DII,,,,,Yellow Jackets,,,Black Hills State University,Lyle Hare Stadium,South Dakota
268,"4,775",Bloomsburg,PSAC,DII,,,,,Huskies,,,Bloomsburg University of Pennsylvania,Robert B. Redman Stadium,Pennsylvania
269,"2,964",Bowie,CIAA,DII,,,,,Bulldogs,,,Bowie State University,Bulldog Stadium,Maryland
270,"6,500",California,PSAC,DII,,,,,Vulcans,,,California University of Pennsylvania,Hepner–Bailey Field at Adamson Stadium,Pennsylvania
271,"5,500",Jefferson City,SAC,DII,,,,,Eagles,,,Carson–Newman University,Burke–Tarr Stadium,Tennessee
272,"4,500",Salisbury,SAC,DII,,,,,Indians,,,Catawba College,Shuford Stadium,North Carolina
273,"10,000",Warrensburg,MIAA,DII,,,,,Mules,,,University of Central Missouri,Audrey J. Walton Stadium,Missouri
274,"10,000",Edmond,MIAA,DII,,,,,Bronchos,,,University of Central Oklahoma,Wantland Stadium,Oklahoma
275,"7,000",Wilberforce,SIAC,DII,,,,,Marauders,,,Central State University,McPherson Stadium,Ohio
276,"4,000",Ellensburg,GNAC,DII,,,,,Wildcats,,,Central Washington University,Tomlinson Stadium,Washington
277,"3,800",Chadron,RMAC,DII,,,,,Eagles,,,Chadron State College,Elliot Field,Nebraska
278,"22,500",Charleston,MEC,DII,,,,,Golden Eagles,,,University of Charleston,University of Charleston Stadium,West Virginia
279,"5,000",Murfreesboro,CIAA,DII,,,,,Hawks,[D2 2],,Chowan University,Garrison Stadium,North Carolina
280,"5,000",Clarion,PSAC,DII,,,,,Golden Eagles,,,Clarion University of Pennsylvania,Memorial Field,Pennsylvania
281,"6,000",Atlanta,SIAC,DII,,,,,Panthers,,,Clark Atlanta University,Panther Stadium,Georgia
282,"8,000",Grand Junction,RMAC,DII,,,,,Mavericks,,,Colorado Mesa University,Stocker Stadium,Colorado
283,"4,000",Golden,RMAC,DII,,,,,Orediggers,,,Colorado School of Mines,Harry D. Campbell Field,Colorado
284,"6,500",Pueblo,RMAC,DII,,,,,ThunderWolves,,,Colorado State University–Pueblo,Neta and Eddie DeRose ThunderBowl,Colorado
285,"5,000",Athens,MEC,DII,,,,,Mountain Lions,,,Concord University,Callaghan Stadium,West Virginia
286,"3,500",St. Paul,NSIC,DII,,,,,Golden Bears,,,Concordia University–St. Paul,Sea Foam Stadium,Minnesota
287,"2,300",Grand Rapids,GLIAC,DII,,,,,Panthers,,,Davenport University,Meyering Field,Michigan
288,"8,000",Cleveland,Gulf South,DII,,,,,Statesmen,,,Delta State University,Parker Field at McCool Stadium,Mississippi
289,"10,000",St. George,RMAC,DII,,,,,Trailblazers,[D2 3],,Dixie State University,Trailblazer Stadium,Utah
290,"5,000",Ada,GAC,DII,,,,,Tigers,,,East Central University,Norris Field,Oklahoma
291,"6,000",East Stroudsburg,PSAC,DII,,,,,Warriors,,,East Stroudsburg University of Pennsylvania,Eiler-Martin Stadium,Pennsylvania
292,"5,200",Portales,LSC,DII,,,,,Greyhounds,,,Eastern New Mexico University,Greyhound Stadium,New Mexico
293,"6,000",Edinboro,PSAC,DII,,,,,Fighting Scots,,,Edinboro University of Pennsylvania,Sox Harrison Stadium,Pennsylvania
294,"6,500",Elizabeth City,CIAA,DII,,,,,Vikings,,,Elizabeth City State University,Roebuck Stadium,North Carolina
295,"7,000",Emporia,MIAA,DII,,,,,Hornets,,,Emporia State University,Francis G. Welch Stadium,Kansas
296,"5,000",Fairmont,MEC,DII,,,,,Falcons,,,Fairmont State University,Duvall-Rosier Field,West Virginia
297,"5,520",Fayetteville,CIAA,DII,,,,,Broncos,,,Fayetteville State University,"Luther ""Nick"" Jeralds Stadium",North Carolina
298,"6,200",Big Rapids,GLIAC,DII,,,,,Bulldogs,,,Ferris State University,Top Taggart Field,Michigan
299,"7,500",Findlay,G-MAC,DII,,,,,Oilers,,,University of Findlay,Donnell Stadium,Ohio
300,"4,980",Melbourne,Gulf South,DII,,,,,Panthers,[D2 4],,Florida Institute of Technology,Florida Tech Panther Stadium,Florida
301,"6,100",Hays,MIAA,DII,,,,,Tigers,,,Fort Hays State University,Lewis Field Stadium,Kansas
302,"4,000",Durango,RMAC,DII,,,,,Skyhawks,,,Fort Lewis College,Ray Dennison Memorial Field,Colorado
303,"10,000",Fort Valley,SIAC,DII,,,,,Wildcats,,,Fort Valley State University,Wildcat Stadium,Georgia
304,N/A,Rindge,NE-10,DII,,,,,Ravens,,,Franklin Pierce University,Sodexo Field,New Hampshire
305,N/A,Frostburg,MEC,DII,,,,,Bobcats,[D2 5],,Frostburg State University,Bobcat Stadium,Maryland
306,"2,500",Erie,PSAC,DII,,,,,Golden Knights,,,Gannon University,Gannon Field,Pennsylvania
307,"5,500",Glenville,MEC,DII,,,,,Pioneers,,,Glenville State College,Morris Stadium,West Virginia
308,"10,700",Allendale,GLIAC,DII,,,,,Lakers,,,Grand Valley State University,Lubbers Stadium,Michigan
309,"6,500",Searcy,GAC,DII,,,,,Bisons,,,Harding University,First Security Stadium,Arkansas
310,"9,600",Arkadelphia,GAC,DII,,,,,Reddies,,,Henderson State University,Carpenter-Haygood Stadium at Ruggles Field,Arkansas
311,"8,500",Hillsdale,G-MAC,DII,,,,,Chargers,,,Hillsdale College,"Frank ""Muddy"" Waters Stadium",Michigan
312,"6,000",Indiana,PSAC,DII,,,,,Crimson Hawks,,,Indiana University of Pennsylvania,Frank Cignetti Field at George P. Miller Stadium,Pennsylvania
313,"5,500",Indianapolis,GLVC,DII,,,,,Greyhounds,,,University of Indianapolis,Key Stadium,Indiana
314,"4,500",Charlotte,CIAA,DII,,,,,Golden Bulls,,,Johnson C. Smith University,Irwin Belk Complex,North Carolina
315,"5,000",Frankfort,SIAC,DII,,,,,Thorobreds,,,Kentucky State University,Alumni Field,Kentucky
316,"3,000",Owensboro,G-MAC,DII,,,,,Panthers,,,Kentucky Wesleyan College,Steele Stadium,Kentucky
317,"5,600",Kutztown,PSAC,DII,,,,,Golden Bears,,,Kutztown University of Pennsylvania,University Field at Andre Reed Stadium,Pennsylvania
318,"2,500",Painesville,G-MAC,DII,,,,,Storm,,,Lake Erie College,Jack Britt Memorial Stadium,Ohio
319,"3,500",Jackson,SIAC,DII,,,,,Dragons,,,Lane College,Rothrock Stadium,Tennessee
320,"8,500",Hickory,SAC,DII,,,,,Bears,,,Lenoir–Rhyne University,Moretz Stadium,North Carolina
321,"8,250",Gaffney,SAC,DII,,,,,Saints,[D2 6],,Limestone College,The Reservation,South Carolina
322,"3,000",Jefferson City,MIAA,DII,,,,,Blue Tigers,[D2 7],,Lincoln University (MO),Dwight T. Reed Stadium,Missouri
323,"2,600",Lower Oxford,CIAA,DII,,,,,Lions,,,Lincoln University (PA),Lincoln Stadium,Pennsylvania
324,"7,450",St. Charles,GLVC,DII,,,,,Lions,,,Lindenwood University,Harlen C. Hunter Stadium,Missouri
325,"5,500",Salisbury,CIAA,DII,,,,,Blue Bears,,,Livingstone College,Alumni Memorial Stadium,North Carolina
326,"3,500",Lock Haven,PSAC,DII,,,,,Bald Eagles,,,Lock Haven University of Pennsylvania,Hubert Jack Stadium,Pennsylvania
327,"5,000",Mars Hill,SAC,DII,,,,,Lions,,,Mars Hill University,Meares Stadium,North Carolina
328,"7,000",Bismarck,NSIC,DII,,,,,Marauders,,,University of Mary,Bismarck Community Bowl,North Dakota
329,"2,000",Lebanon,GLVC,DII,,,,,Bearcats,,,McKendree University,Leemon Stadium,Illinois
330,"2,300",Erie,PSAC,DII,,,,,Lakers,,,Mercyhurst University,Louis J. Tullio Field,Pennsylvania
331,"3,000",Houghton,GLIAC,DII,,,,,Huskies,,,Michigan Technological University,Sherman Field,Michigan
332,"14,500",Wichita Falls,LSC,DII,,,,,Mustangs,,,Midwestern State University,Memorial Stadium,Texas
333,"8,500",Fairfield,SIAC,DII,,,,,Golden Bears,,,Miles College,Albert J. Sloan–Alumni Stadium,Alabama
334,"6,500",Millersville,PSAC,DII,,,,,Marauders,,,Millersville University of Pennsylvania,Biemesderfer Stadium,Pennsylvania
335,"7,500",Mankato,NSIC,DII,,,,,Mavericks,,,"Minnesota State University, Mankato",Blakeslee Stadium,Minnesota
336,"5,000",Moorhead,NSIC,DII,,,,,Dragons,,,Minnesota State University Moorhead,Alex Nemzek Stadium,Minnesota
337,"2,000",Crookston,NSIC,DII,,,,,Eagles,,,University of Minnesota Crookston,Ed Widseth Field,Minnesota
338,"4,000",Duluth,NSIC,DII,,,,,Bulldogs,,,University of Minnesota Duluth,Griggs Field at James S. Malosky Stadium,Minnesota
339,"4,500",Minot,NSIC,DII,,,,,Beavers,,,Minot State University,Herb Parker Stadium,North Dakota
340,"8,500",Clinton,Gulf South,DII,,,,,Choctaws,,,Mississippi College,Robinson-Hale Stadium,Mississippi
341,"8,000",Rolla,GLVC,DII,,,,,Miners,,,Missouri University of Science and Technology,Allgood-Bailey Stadium,Missouri
342,"7,000",Joplin,MIAA,DII,,,,,Lions,,,Missouri Southern State University,Fred G. Hughes Stadium,Missouri
343,"7,500",St. Joseph,MIAA,DII,,,,,Griffons,,,Missouri Western State University,Spratt Stadium,Missouri
344,"9,850",Atlanta,SIAC,DII,,,,,Maroon Tigers,,,Morehouse College,B. T. Harvey Stadium,Georgia
345,"6,000",Kearney,MIAA,DII,,,,,Lopers,,,University of Nebraska at Kearney,Ron & Carol Cope Stadium,Nebraska
346,"3,500",West Haven,NE-10,DII,,,,,Chargers,,,University of New Haven,Ralph F. DellaCamera Stadium,Connecticut
347,"5,000",Las Vegas,RMAC,DII,,,,,Cowboys,,,New Mexico Highlands University,Perkins Stadium,New Mexico
348,"4,000",Newberry,SAC,DII,,,,,Wolves,,,Newberry College,Setzler Field,South Carolina
349,"2,500",Pembroke,Independent,DII,,,,,Braves,[D2 8],,University of North Carolina at Pembroke,Grace P. Johnson Stadium,North Carolina
350,"5,000",Tigerville,Gulf South,DII,,,,,Crusaders,[D2 9],,North Greenville University,Younts Stadium,South Carolina
351,"8,300",Tahlequah,MIAA,DII,,,,,RiverHawks,,,Northeastern State University,Doc Wadley Stadium,Oklahoma
352,"8,000",Marquette,GLIAC,DII,,,,,Wildcats,,,Northern Michigan University,Superior Dome,Michigan
353,"6,000",Aberdeen,NSIC,DII,,,,,Wolves,,,Northern State University,Swisher Field,South Dakota
354,"6,500",Maryville,MIAA,DII,,,,,Bearcats,,,Northwest Missouri State University,Bearcat Stadium,Missouri
355,"6,000",Alva,GAC,DII,,,,,Rangers,,,Northwestern Oklahoma State University,Ranger Field,Oklahoma
356,"3,000",Midland,GLIAC,DII,,,,,Timberwolves,,,Northwood University,Hantz Stadium,Michigan
357,"3,000",South Euclid,MEC,DII,,,,,Falcons,,,Notre Dame College,Korb Field,Ohio
358,"1,750",Columbus,G-MAC,DII,,,,,Panthers,,,Ohio Dominican University,Panther Field,Ohio
359,"2,500",Shawnee,GAC,DII,,,,,Bison,,,Oklahoma Baptist University,Crain Family Stadium,Oklahoma
360,"5,225",Arkadelphia,GAC,DII,,,,,Tigers,,,Ouachita Baptist University,Cliff Harris Stadium,Arkansas
361,"1,500",Pleasantville,NE-10,DII,,,,,Setters,,,Pace University,Pace Field,New York
362,"8,344",Pittsburg,MIAA,DII,,,,,Gorillas,,,Pittsburg State University,Carnie Smith Stadium,Kansas
363,"4,000",Quincy,GLVC,DII,,,,,Hawks,,,Quincy University,Flinn Stadium,Illinois
364,"6,300",University Center,GLIAC,DII,,,,,Cardinals,,,Saginaw Valley State University,Wickes Memorial Stadium,Michigan
365,"4,500",Goffstown,NE-10,DII,,,,,Hawks,,,Saint Anselm College,Grappone Stadium,New Hampshire
366,"2,500",Raleigh,CIAA,DII,,,,,Falcons,,,Saint Augustine's University,George Williams Athletic Complex,North Carolina
367,"4,198",St. Cloud,NSIC,DII,,,,,Huskies,,,St. Cloud State University,Husky Stadium,Minnesota
368,"8,500",Savannah,SIAC,DII,,,,,Tigers,[D2 10],,Savannah State University,Theodore A. Wright Stadium,Georgia
369,"5,000",Greensburg,PSAC,DII,,,,,Griffins,,,Seton Hill University,Offutt Field,Pennsylvania
370,"8,500",Raleigh,CIAA,DII,,,,,Bears,,,Shaw University,Durham County Stadium,North Carolina
371,"5,000",Shepherdstown,PSAC,DII,,,,,Rams,,,Shepherd University,Ram Stadium,West Virginia
372,"7,700",Shippensburg,PSAC,DII,,,,,Red Raiders,,,Shippensburg University of Pennsylvania,Seth Grove Stadium,Pennsylvania
373,"6,500",Rome,Gulf South,DII,,,,,Hawks,,,Shorter University,Barron Stadium,Georgia
374,"4,200",Burnaby,GNAC,DII,,,,,Clan,,,Simon Fraser University,Swangard Stadium,British Columbia
375,"5,400",Sioux Falls,NSIC,DII,,,,,Cougars,,,University of Sioux Falls,Bob Young Field,South Dakota
376,"10,000",Slippery Rock,PSAC,DII,,,,,The Rock,,,Slippery Rock University of Pennsylvania,N. Kerr Thompson Stadium,Pennsylvania
377,"4,000",Rapid City,RMAC,DII,,,,,Hardrockers,,,South Dakota School of Mines and Technology,Dunham Field at O'Harra Stadium,South Dakota
378,"9,000",Durant,GAC,DII,,,,,Savage Storm,,,Southeastern Oklahoma State University,Paul Laird Field,Oklahoma
379,"6,000",Magnolia,GAC,DII,,,,,Muleriders,,,Southern Arkansas University,Wilkins Stadium,Arkansas
380,"6,000",New Haven,NE-10,DII,,,,,Fighting Owls,,,Southern Connecticut State University,Jess Dow Field,Connecticut
381,"2,500",Bethany,GAC,DII,,,,,Crimson Storm,,,Southern Nazarene University,SNU Stadium,Oklahoma
382,"2,500",Bolivar,GLVC,DII,,,,,Bearcats,,,Southwest Baptist University,Plaster Stadium,Missouri
383,"3,500",Marshall,NSIC,DII,,,,,Mustangs,,,Southwest Minnesota State University,Mattke Field at the Regional Events Center,Minnesota
384,"8,600",Weatherford,GAC,DII,,,,,Bulldogs,,,Southwestern Oklahoma State University,ASAP Energy Field at Milam Stadium,Oklahoma
385,"2,400",Easton,NE-10,DII,,,,,Skyhawks,,,Stonehill College,W.B. Mason Stadium,Massachusetts
386,"7,000",Stephenville,LSC,DII,,,,,Texans,,,Tarleton State University,Memorial Stadium,Texas
387,"13,500",Commerce,LSC,DII,,,,,Lions,,,Texas A&M University–Commerce,Memorial Stadium,Texas
388,"15,000",Kingsville,LSC,DII,,,,,Javelinas,,,Texas A&M University–Kingsville,Javelina Stadium,Texas
389,"19,302",Odessa,LSC,DII,,,,,Falcons,,,University of Texas of the Permian Basin,Ratliff Stadium,Texas
390,"4,500",Tiffin,G-MAC,DII,,,,,Dragons,,,Tiffin University,Frost-Kalnow Stadium,Ohio
391,"4,000",Kirksville,GLVC,DII,,,,,Bulldogs,,,Truman State University,Stokes Stadium,Missouri
392,"3,500",Tusculum,SAC,DII,,,,,Pioneers,,,Tusculum University,Pioneer Field,Tennessee
393,"10,000",Tuskegee,SIAC,DII,,,,,Golden Tigers,,,Tuskegee University,Abbott Memorial Alumni Stadium,Alabama
394,"3,500",Fayette,NSIC,DII,,,,,Peacocks,,,Upper Iowa University,Eischeid Stadium,Iowa
395,"3,000",Urbana,MEC,DII,,,,,Blue Knights,,,Urbana University,Urbana University Stadium,Ohio
396,"11,211",Valdosta,Gulf South,DII,,,,,Blazers,,,Valdosta State University,Bazemore–Hyder Stadium,Georgia
397,"7,909",Ettrick,CIAA,DII,,,,,Trojans,,,Virginia State University,Rogers Stadium,Virginia
398,"10,000",Richmond,CIAA,DII,,,,,Panthers,,,Virginia Union University,Hovey Field,Virginia
399,"3,100",Wise,SAC,DII,,,,,Cavaliers,,,University of Virginia's College at Wise,Carl Smith Stadium,Virginia
400,"23,000",Canton,G-MAC,DII,,,,,Cavaliers,,,Walsh University,Tom Benson Hall of Fame Stadium,Ohio
401,"7,250",Topeka,MIAA,DII,,,,,Ichabods,,,Washburn University,Yager Stadium at Moore Bowl,Kansas
402,"6,000",Detroit,GLIAC,DII,,,,,Warriors,,,Wayne State University,Tom Adams Field,Michigan
403,"3,500",Wayne,NSIC,DII,,,,,Wildcats,,,Wayne State College,Memorial Stadium,Nebraska
404,"7,000",Livingston,Gulf South,DII,,,,,Tigers,,,University of West Alabama,Tiger Stadium,Alabama
405,"7,500",West Chester,PSAC,DII,,,,,Golden Rams,,,West Chester University,John A. Farrell Stadium,Pennsylvania
406,"5,083",Pensacola,Gulf South,DII,,,,,Argonauts,,,University of West Florida,Blue Wahoos Stadium,Florida
407,"13,733",Carrollton,Gulf South,DII,,,,,Wolves,,,University of West Georgia,University Stadium,Georgia
408,"3,200",West Liberty,MEC,DII,,,,,Hilltoppers,,,West Liberty University,West Family Stadium,West Virginia
409,"20,000",Canyon,LSC,DII,,,,,Buffaloes,,,West Texas A&M University,Kimbrough Memorial Stadium,Texas
410,"5,000",Institute,MEC,DII,,,,,Yellow Jackets,,,West Virginia State University,Lakin Field,West Virginia
411,"3,000",Buckhannon,MEC,DII,,,,,Bobcats,,,West Virginia Wesleyan College,Cebe Ross Field,West Virginia
412,"4,000",Gunnison,RMAC,DII,,,,,Mountaineers,,,Western Colorado University,Mountaineer Bowl,Colorado
413,"3,000",Silver City,LSC,DII,,,,,Mustangs,,,Western New Mexico University,Ben Altamirano Memorial Stadium,New Mexico
414,"2,500",Monmouth,GNAC,DII,,,,,Wolves,,,Western Oregon University,McArthur Field,Oregon
415,N/A,Wheeling,MEC,DII,,,,,Cardinals,[1],,Wheeling University,Bishop Schmitt Field,West Virginia
416,"7,000",Liberty,GLVC,DII,,,,,Cardinals,,,William Jewell College,Greene Stadium,Missouri
417,"3,000",Wingate,SAC,DII,,,,,Bulldogs,,,Wingate University,Irwin Belk Stadium,North Carolina
418,"3,500",Winona,NSIC,DII,,,,,Warriors,,,Winona State University,Maxwell Field at Warrior Stadium,Minnesota
419,"22,000",Winston–Salem,CIAA,DII,,,,,Rams,,,Winston–Salem State University,Bowman Gray Stadium,North Carolina
420,,Adrian,MIAA,DIII,,,,,Bulldogs,,,Adrian,,Michigan
421,,Albion,MIAA,DIII,,,,,Britons,,,Albion,,Michigan
422,,Reading,MAC,DIII,,,,,Lions,,,Albright,,Pennsylvania
423,,Alfred,Empire 8,DIII,,,,,Saxons,,,Alfred,,New York
424,,Alfred,ECFC,DIII,,,,,Pioneers,,,Alfred State,,New York
425,,Meadville,NCAC,DIII,,,,,Gators,,,Allegheny,,Pennsylvania
426,,Alma,MIAA,DIII,,,,,Scots,,,Alma,,Michigan
427,,Reading,MAC,DIII,,,,,Golden Wolves,,,Alvernia,,Pennsylvania
428,,Amherst,NESCAC,DIII,,,,,Mammoths,,,Amherst,,Massachusetts
429,,Anderson,HCAC,DIII,,,,,Ravens,,,Anderson,,Indiana
430,,Paxton,ECFC,DIII,,,,,AMCATS,,,Anna Maria,,Massachusetts
431,,Minneapolis,MIAC,DIII,,,,,Auggies,,,Augsburg,,Minnesota
432,,Rock Island,CCIW,DIII,,,,,Vikings,,,Augustana (IL),,Illinois
433,,Aurora,NACC,DIII,,,,,Spartans,,,Aurora,,Illinois
434,,Sherman,SAA,DIII,,,,,Kangaroos,,,Austin,,Texas
435,,Danville,USA South,DIII,,,,,Cougars,,,Averett,,Virginia
436,,Berea,OAC,DIII,,,,,Yellow Jackets,,,Baldwin Wallace,,Ohio
437,,Lewiston,NESCAC,DIII,,,,,Bobcats,,,Bates,,Maine
438,,Leicester,CCC Football,DIII,,,,,Hawks,,,Becker,,Massachusetts
439,,Jackson,ASC,DIII,,,,,Blazers,,,Belhaven,,Mississippi
440,,Beloit,MWC,DIII,,,,,Buccaneers,,,Beloit,,Wisconsin
441,,Lisle,NACC,DIII,,,,,Eagles,,,Benedictine,,Illinois
442,,Mount Berry,SAA,DIII,,,,,Vikings,,,Berry,,Georgia
443,,Bethany,PAC,DIII,,,,,Bison,,,Bethany,,West Virginia
444,,Arden Hills,MIAC,DIII,,,,,Royals,,,Bethel,,Minnesota
445,,Birmingham,SAA,DIII,,,,,Panthers,,,Birmingham-Southern,,Alabama
446,,Bluffton,HCAC,DIII,,,,,Beavers,,,Bluffton,,Ohio
447,,Brunswick,NESCAC,DIII,,,,,Polar Bears,,,Bowdoin,,Maine
448,,Brevard,USA South,DIII,,,,,Tornados,,,Brevard[a],,North Carolina
449,,Bridgewater,ODAC,DIII,,,,,Eagles,,,Bridgewater,,Virginia
450,,Bridgewater,MASCAC,DIII,,,,,Bears,,,Bridgewater State,,Massachusetts
451,,Brockport,Empire 8,DIII,,,,,Golden Eagles,,,Brockport,,New York
452,,Storm Lake,ARC,DIII,,,,,Beavers,,,Buena Vista,,Iowa
453,,Buffalo,Liberty,DIII,,,,,Bengals,,,Buffalo State,,New York
454,,Thousand Oaks,SCIAC,DIII,,,,,Kingsmen,,,Cal Lutheran,,California
455,,Columbus,OAC,DIII,,,,,Crusaders,,,Capital,,Ohio
456,,Northfield,MIAC,DIII,,,,,Knights,,,Carleton,,Minnesota
457,,Pittsburgh,PAC,DIII,,,,,Tartans,,,Carnegie Mellon,,Pennsylvania
458,,Waukesha,CCIW,DIII,,,,,Pioneers,,,Carroll (WI),,Wisconsin
459,,Kenosha,CCIW,DIII,,,,,Red Men,,,Carthage,,Wisconsin
460,,Cleveland,PAC,DIII,,,,,Spartans,,,Case Western Reserve,,Ohio
461,,Castleton,ECFC,DIII,,,,,Spartans,,,Castleton,,Vermont
462,,Washington,NEWMAC,DIII,,,,,Cardinals,,,Catholic,,District of Columbia
463,,Pella,ARC,DIII,,,,,Dutch,,,Central (IA),,Iowa
464,,Danville,SAA,DIII,,,,,Colonels,,,Centre,,Kentucky
465,,Orange,SCIAC,DIII,,,,,Panthers,,,Chapman,,California
466,,Chicago,MWC,DIII,,,,,Maroons,,,Chicago,,Illinois
467,,Newport News,NJAC,DIII,,,,,Captains,,,Christopher Newport,,Virginia
468,,Claremont,SCIAC,DIII,,,,,Stags,,,Claremont-Mudd-Scripps,,California
469,,New London,NEWMAC,DIII,,,,,Bears,,,Coast Guard,,Connecticut
470,,Cedar Rapids,ARC,DIII,,,,,Kohawks,,,Coe,,Iowa
471,,Waterville,NESCAC,DIII,,,,,White Mules,,,Colby,,Maine
472,,Ewing,NJAC,DIII,,,,,Lions,,,College of New Jersey,,New Jersey
473,,River Forest,NACC,DIII,,,,,Cougars,,,Concordia (IL),,Illinois
474,,Moorhead,MIAC,DIII,,,,,Cobbers,,,Concordia (Moorhead),,Minnesota
475,,Mequon,NACC,DIII,,,,,Falcons,,,Concordia (WI),,Wisconsin
476,,Mount Vernon,MWC,DIII,,,,,Rams,,,Cornell (IA),,Iowa
477,,Cortland,Empire 8,DIII,,,,,Red Dragons,,,Cortland State,,New York
478,,St. Bonifacius,UMAC,DIII,,,,,Storm,,,Crown,,Minnesota
479,,Milton,CCC Football,DIII,,,,,Colonels,,,Curry,,Massachusetts
480,,Franklin,ECFC,DIII,,,,,Bulldogs,,,Dean,,Massachusetts
481,,Defiance,HCAC,DIII,,,,,YellowJackets,,,Defiance,,Ohio
482,,Doylestown,MAC,DIII,,,,,Aggies,,,Delaware Valley,,Pennsylvania
483,,Granville,NCAC,DIII,,,,,Big Red,,,Denison,,Ohio
484,,Greencastle,NCAC,DIII,,,,,Tigers,,,DePauw,,Indiana
485,,Carlisle,Centennial,DIII,,,,,Red Devils,,,Dickinson,,Pennsylvania
486,,Dubuque,ARC,DIII,,,,,Spartans,,,Dubuque,,Iowa
487,,Marshall,ASC,DIII,,,,,Tigers,,,East Texas Baptist,,Texas
488,,Elmhurst,CCIW,DIII,,,,,Bluejays,,,Elmhurst,,Illinois
489,,Emory,ODAC,DIII,,,,,Wasps,,,Emory & Henry,,Virginia
490,,Beverly,CCC Football,DIII,,,,,Gulls,,,Endicott,,Massachusetts
491,,Eureka,UMAC,DIII,,,,,Red Devils,,,Eureka,,Illinois
492,,Madison,MAC,DIII,,,,,Devils,,,FDU-Florham,,New Jersey
493,,Ferrum,ODAC,DIII,,,,,Panthers,,,Ferrum,,Virginia
494,,Hancock,MIAA,DIII,,,,,Lions,,,Finlandia,,Michigan
495,,Fitchburg,MASCAC,DIII,,,,,Falcons,,,Fitchburg State,,Massachusetts
496,,Framingham,MASCAC,DIII,,,,,Rams,,,Framingham State,,Massachusetts
497,,Franklin,HCAC,DIII,,,,,Grizzlies,,,Franklin,,Indiana
498,,Lancaster,Centennial,DIII,,,,,Diplomats,,,Franklin & Marshall,,Pennsylvania
499,,Washington,ECFC,DIII,,,,,Bison,,,Gallaudet,,District of Columbia
500,,Beaver Falls,PAC,DIII,,,,,Golden Tornadoes,,,Geneva,,Pennsylvania
501,,Newberg,NWC,DIII,,,,,Bruins,,,George Fox,,Oregon
502,,Gettysburg,Centennial,DIII,,,,,Bullets,,,Gettysburg,,Pennsylvania
503,,Greensboro,USA South,DIII,,,,,Pride,,,Greensboro,,North Carolina
504,,Greenville,UMAC,DIII,,,,,Panthers,,,Greenville,,Illinois
505,,Grinnell,MWC,DIII,,,,,Pioneers,,,Grinnell,,Iowa
506,,Grove City,PAC,DIII,,,,,Wolverines,,,Grove City,,Pennsylvania
507,,Greensboro,ODAC,DIII,,,,,Quakers,,,Guilford,,North Carolina
508,,St. Peter,MIAC,DIII,,,,,Gusties,,,Gustavus Adolphus,,Minnesota
509,,Clinton,NESCAC,DIII,,,,,Continentals,,,Hamilton,,New York
510,,St. Paul,MIAC,DIII,,,,,Pipers,,,Hamline,,Minnesota
511,,Hampden Sydney,ODAC,DIII,,,,,Tigers,,,Hampden–Sydney,,Virginia
512,,Hanover,HCAC,DIII,,,,,Panthers,,,Hanover,,Indiana
513,,Abilene,ASC,DIII,,,,,Cowboys,,,Hardin–Simmons,,Texas
514,,Oneonta,Empire 8,DIII,,,,,Hawks,,,Hartwick,,New York
515,,Tiffin,OAC,DIII,,,,,Student Princes,,,Heidelberg,,Ohio
516,,Conway,SAA,DIII,,,,,Warriors,,,Hendrix,,Arkansas
517,,Hiram,NCAC,DIII,,,,,Terriers,,,Hiram,,Ohio
518,,Geneva,Liberty,DIII,,,,,Statesmen,,,Hobart,,New York
519,,Holland,MIAA,DIII,,,,,Flying Dutchmen,,,Hope,,Michigan
520,,Brownwood,ASC,DIII,,,,,Yellow Jackets,,,Howard Payne,,Texas
521,,Montgomery,USA South,DIII,,,,,Hawks,,,Huntingdon,,Alabama
522,,Bangor,CCC Football,DIII,,,,,Eagles,,,Husson,,Maine
523,,Jacksonville,MWC,DIII,,,,,Blueboys,,,Illinois College,,Illinois
524,,Bloomington,CCIW,DIII,,,,,Titans,,,Illinois Wesleyan,,Illinois
525,,Mt. Pleasant,UMAC,DIII,,,,,Tigers,,,Iowa Wesleyan,,Iowa
526,,Ithaca,Liberty,DIII,,,,,Bombers,,,Ithaca,,New York
527,,University Heights,OAC,DIII,,,,,Blue Streaks,,,John Carroll,,Ohio
528,,Baltimore,Centennial,DIII,,,,,Blue Jays,,,Johns Hopkins,,Maryland
529,,Huntingdon,Centennial,DIII,,,,,Eagles,,,Juniata,,Pennsylvania
530,,Kalamazoo,MIAA,DIII,,,,,Hornets,,,Kalamazoo,,Michigan
531,,Union Township,NJAC,DIII,,,,,Cougars,,,Kean,,New Jersey
532,,Gambier,NCAC,DIII,,,,,Lords,,,Kenyon,,Ohio
533,,Wilkes-Barre,MAC,DIII,,,,,Monarchs,,,King's,,Pennsylvania
534,,Galesburg,MWC,DIII,,,,,Prairie Fire,,,Knox,,Illinois
535,,La Verne,SCIAC,DIII,,,,,Leopards,,,La Verne,,California
536,,LaGrange,USA South,DIII,,,,,Panthers,,,LaGrange,,Georgia
537,,Lake Forest,MWC,DIII,,,,,Foresters,,,Lake Forest,,Illinois
538,,Sheboygan,NACC,DIII,,,,,Muskies,,,Lakeland,,Wisconsin
539,,Appleton,MWC,DIII,,,,,Vikings,,,Lawrence,,Wisconsin
540,,Annville,MAC,DIII,,,,,Flying Dutchmen,,,Lebanon Valley,,Pennsylvania
541,,Portland,NWC,DIII,,,,,Pioneers,,,Lewis & Clark,,Oregon
542,,McMinnville,NWC,DIII,,,,,Wildcats,,,Linfield,,Oregon
543,,Dubuque,ARC,DIII,,,,,Duhawks,,,Loras,,Iowa
544,,Pineville,ASC,DIII,,,,,Wildcats,,,Louisiana College,,Louisiana
545,,Decorah,ARC,DIII,,,,,Norse,,,Luther,,Iowa
546,,Williamsport,MAC,DIII,,,,,Warriors,,,Lycoming,,Pennsylvania
547,,St. Paul,MWC,DIII,,,,,Scots,,,Macalester,,Minnesota
548,,Jacksonville,UMAC,DIII,,,,,Highlanders,,,MacMurray,,Illinois
549,,Castine,NEWMAC,DIII,,,,,Mariners,,,Maine Maritime,,Maine
550,,North Manchester,HCAC,DIII,,,,,Spartans,,,Manchester,,Indiana
551,,Marietta,OAC,DIII,,,,,Pioneers,,,Marietta,,Ohio
552,,New Ulm,UMAC,DIII,,,,,Knights,,,Martin Luther,,Minnesota
553,,Belton,ASC,DIII,,,,,Crusaders,,,Mary Hardin–Baylor,,Texas
554,,Maryville,USA South,DIII,,,,,Scots,,,Maryville,,Tennessee
555,,North Dartmouth,MASCAC,DIII,,,,,Corsairs,,,UMass Dartmouth,,Massachusetts
556,,Buzzards Bay,MASCAC,DIII,,,,,Buccaneers,,,Massachusetts Maritime,,Massachusetts
557,,Westminster,Centennial,DIII,,,,,Green Terror,,,McDaniel,,Maryland
558,,Abilene,ASC,DIII,,,,,War Hawks,,,McMurry,,Texas
559,,Kings Point,NEWMAC,DIII,,,,,Mariners,,,Merchant Marine,,New York
560,,Fayetteville,USA South,DIII,,,,,Monarchs,,,Methodist,,North Carolina
561,,Middlebury,NESCAC,DIII,,,,,Panthers,,,Middlebury,,Vermont
562,,Decatur,CCIW,DIII,,,,,Big Blue,,,Millikin,,Illinois
563,,Jackson,SAA,DIII,,,,,Majors,,,Millsaps,,Mississippi
564,,Morris,UMAC,DIII,,,,,Cougars,,,Minnesota-Morris,,Minnesota
565,,Dallas,MAC,DIII,,,,,Cougars,,,Misericordia,,Pennsylvania
566,,Cambridge,NEWMAC,DIII,,,,,Engineers,,,MIT,,Massachusetts
567,,Monmouth,MWC,DIII,,,,,Fighting Scots,,,Monmouth (IL),,Illinois
568,,Upper Montclair,NJAC,DIII,,,,,Red Hawks,,,Montclair State,,New Jersey
569,,Bethlehem,Centennial,DIII,,,,,Greyhounds,,,Moravian,,Pennsylvania
570,,Alliance,OAC,DIII,,,,,Purple Raiders,,,Mount Union,,Ohio
571,,Cincinnati,HCAC,DIII,,,,,Lions,,,Mount St. Joseph,,Ohio
572,,Allentown,Centennial,DIII,,,,,Mules,,,Muhlenberg,,Pennsylvania
573,,New Concord,OAC,DIII,,,,,Fighting Muskies,,,Muskingum,,Ohio
574,,Lincoln,ARC,DIII,,,,,Prairie Wolves,,,Nebraska Wesleyan,,Nebraska
575,,Biddeford,CCC Football,DIII,,,,,Nor'easters,,,New England (ME),,Maine
576,,Dudley,CCC Football,DIII,,,,,Bison,,,Nichols,,Massachusetts
577,,Rocky Mount,USA South,DIII,,,,,Battling Bishops,,,North Carolina Wesleyan,,North Carolina
578,,Naperville,CCIW,DIII,,,,,Cardinals,,,North Central,,Illinois
579,,Chicago,CCIW,DIII,,,,,Vikings,,,North Park,,Illinois
580,,Roseville,UMAC,DIII,,,,,Eagles,,,Northwestern (MN),,Minnesota
581,,Northfield,NEWMAC,DIII,,,,,Cadets,,,Norwich,,Vermont
582,,Oberlin,NCAC,DIII,,,,,Yeomen,,,Oberlin,,Ohio
583,,Eagle Rock,SCIAC,DIII,,,,,Tigers,,,Occidental,,California
584,,Ada,OAC,DIII,,,,,Polar Bears,,,Ohio Northern,,Ohio
585,,Delaware,NCAC,DIII,,,,,Battling Bishops,,,Ohio Wesleyan,,Ohio
586,,Olivet,MIAA,DIII,,,,,Comets,,,Olivet,,Michigan
587,,Westerville,OAC,DIII,,,,,Cardinals,,,Otterbein,,Ohio
588,,Forest Grove,NWC,DIII,,,,,Boxers,,,Pacific (OR),,Oregon
589,,Tacoma,NWC,DIII,,,,,Lutes,,,Pacific Lutheran,,Washington
590,,Plymouth,MASCAC,DIII,,,,,Panthers,,,Plymouth State,,New Hampshire
591,,Claremont,SCIAC,DIII,,,,,Sagehens,,,Pomona-Pitzer,,California
592,,Tacoma,NWC,DIII,,,,,Loggers,,,Puget Sound,,Washington
593,,Ashland,ODAC,DIII,,,,,Yellow Jackets,,,Randolph–Macon,,Virginia
594,,Redlands,SCIAC,DIII,,,,,Bulldogs,,,Redlands,,California
595,,Memphis,SAA,DIII,,,,,Lynx,,,Rhodes,,Tennessee
596,,Ripon,MWC,DIII,,,,,Red Hawks,,,Ripon,,Wisconsin
597,,Rochester,Liberty,DIII,,,,,Yellowjackets,,,Rochester,,New York
598,,Rockford,NACC,DIII,,,,,Regents,,,Rockford,,Illinois
599,,Terre Haute,HCAC,DIII,,,,,Engineers,,,Rose–Hulman,,Indiana
600,,Glassboro,NJAC,DIII,,,,,Profs,,,Rowan,,New Jersey
601,,Troy,Liberty,DIII,,,,,Engineers,,,RPI,,New York
602,,Pittsford,Empire 8,DIII,,,,,Cardinals,,,St. John Fisher,,New York
603,,Collegeville,MIAC,DIII,,,,,Johnnies,,,St. John's (MN),,Minnesota
604,,Canton,Liberty,DIII,,,,,Saints,,,St. Lawrence,,New York
605,,De Pere,MWC,DIII,,,,,Green Knights,,,St. Norbert,,Wisconsin
606,,Northfield,MIAC,DIII,,,,,Oles,,,St. Olaf,,Minnesota
607,,Duluth,UMAC,DIII,,,,,Saints,,,St. Scholastica,,Minnesota
608,,St. Paul,MIAC,DIII,,,,,Tommies,,,St. Thomas,,Minnesota
609,,Latrobe,PAC,DIII,,,,,Bearcats,,,St. Vincent,,Pennsylvania
610,,Salisbury,NJAC,DIII,,,,,Seagulls,,,Salisbury,,Maryland
611,,Newport,CCC Football,DIII,,,,,Seahawks,,,Salve Regina,,Rhode Island
612,,Sewanee,SAA,DIII,,,,,Tigers,,,Sewanee,,Tennessee
613,,Winchester,ODAC,DIII,,,,,Hornets,,,Shenandoah,,Virginia
614,,Indianola,ARC,DIII,,,,,Storm,,,Simpson,,Iowa
615,,Buena Vista,ODAC,DIII,,,,,Knights,,,Southern Virginia,,Virginia
616,,Georgetown,ASC,DIII,,,,,Pirates,,,Southwestern,,Texas
617,,Springfield,NEWMAC,DIII,,,,,Pride,,,Springfield,,Massachusetts
618,,Owings Mills,MAC,DIII,,,,,Mustangs,,,Stevenson,,Maryland
619,,Alpine,ASC,DIII,,,,,Lobos,,,Sul Ross State,,Texas
620,,Bronx,ECFC,DIII,,,,,Privateers,,,SUNY-Maritime,,New York
621,,Morrisville,Empire 8,DIII,,,,,Mustangs,,,SUNY-Morrisville,,New York
622,,Selinsgrove,Centennial,DIII,,,,,River Hawks,,,Susquehanna,,Pennsylvania
623,,Seguin,ASC,DIII,,,,,Bulldogs,,,Texas Lutheran,,Texas
624,,Greenville,PAC,DIII,,,,,Tomcats,,,Thiel,,Pennsylvania
625,,Angola,MIAA,DIII,,,,,Thunder,,,Trine,,Indiana
626,,Hartford,NESCAC,DIII,,,,,Bantams,,,Trinity (CT),,Connecticut
627,,San Antonio,SAA,DIII,,,,,Tigers,,,Trinity (TX),,Texas
628,,Medford,NESCAC,DIII,,,,,Jumbos,,,Tufts,,Massachusetts
629,,Schenectady,Liberty,DIII,,,,,Dutchmen,,,Union,,New York
630,,Collegeville,Centennial,DIII,,,,,Bears,,,Ursinus,,Pennsylvania
631,,Utica,Empire 8,DIII,,,,,Pioneers,,,Utica,,New York
632,,Crawfordsville,NCAC,DIII,,,,,Little Giants,,,Wabash,,Indiana
633,,Waverly,ARC,DIII,,,,,Knights,,,Wartburg,,Iowa
634,,Washington,PAC,DIII,,,,,Presidents,,,Washington & Jefferson,,Pennsylvania
635,,Lexington,ODAC,DIII,,,,,Generals,,,Washington & Lee,,Virginia
636,,St. Louis,CCIW,DIII,,,,,Bears,,,Washington (MO),,Missouri
637,,Waynesburg,PAC,DIII,,,,,Yellow Jackets,,,Waynesburg,,Pennsylvania
638,,Dover,NJAC,DIII,,,,,Wolverines,,,Wesley,,Delaware
639,,Middletown,NESCAC,DIII,,,,,Cardinals,,,Wesleyan,,Connecticut
640,,Danbury,MASCAC,DIII,,,,,Colonials,,,Western Connecticut,,Connecticut
641,,Springfield,CCC Football,DIII,,,,,Golden Bears,,,Western New England,,Massachusetts
642,,Westfield,MASCAC,DIII,,,,,Owls,,,Westfield State,,Massachusetts
643,,Fulton,UMAC,DIII,,,,,Blue Jays,,,Westminster (MO),,Missouri
644,,New Wilmington,PAC,DIII,,,,,Titans,,,Westminster (PA),,Pennsylvania
645,,Wheaton,CCIW,DIII,,,,,Thunder,,,Wheaton (IL),,Illinois
646,,Whittier,SCIAC,DIII,,,,,Poets,,,Whittier,,California
647,,Spokane,NWC,DIII,,,,,Pirates,,,Whitworth,,Washington
648,,Chester,MAC,DIII,,,,,Pride,,,Widener,,Pennsylvania
649,,Wilkes-Barre,MAC,DIII,,,,,Colonels,,,Wilkes,,Pennsylvania
650,,Salem,NWC,DIII,,,,,Bearcats,,,Willamette,,Oregon
651,,Wayne,NJAC,DIII,,,,,Pioneers,,,William Paterson,,New Jersey
652,,Williamstown,NESCAC,DIII,,,,,Ephs,,,Williams,,Massachusetts
653,,Wilmington,OAC,DIII,,,,,Quakers,,,Wilmington,,Ohio
654,,Milwaukee,NACC,DIII,,,,,Warriors,,,Wisconsin Lutheran,,Wisconsin
655,,Eau Claire,WIAC,DIII,,,,,Blugolds,,,UW–Eau Claire,,Wisconsin
656,,La Crosse,WIAC,DIII,,,,,Eagles,,,UW–La Crosse,,Wisconsin
657,,Oshkosh,WIAC,DIII,,,,,Titans,,,UW–Oshkosh,,Wisconsin
658,,Platteville,WIAC,DIII,,,,,Pioneers,,,UW–Platteville,,Wisconsin
659,,River Falls,WIAC,DIII,,,,,Falcons,,,UW–River Falls,,Wisconsin
660,,Stevens Point,WIAC,DIII,,,,,Pointers,,,UW–Stevens Point,,Wisconsin
661,,Menomonie,WIAC,DIII,,,,,Blue Devils,,,UW–Stout,,Wisconsin
662,,Whitewater,WIAC,DIII,,,,,Warhawks,,,UW–Whitewater,,Wisconsin
663,,Springfield,NCAC,DIII,,,,,Tigers,,,Wittenberg,,Ohio
664,,Wooster,NCAC,DIII,,,,,Fighting Scots,,,Wooster,,Ohio
665,,Worcester,NEWMAC,DIII,,,,,Engineers,,,Worcester Poly,,Massachusetts
666,,Worcester,MASCAC,DIII,,,,,Lancers,,,Worcester State,,Massachusetts
